"시도별","연령계층별",2013,2013,2013,2013,2013,2014,2014,2014,2014,2014,2015,2015,2015,2015,2015,2016,2016,2016,2016,2016,2017,2017,2017,2017,2017,2018,2018,2018,2018,2018,2019,2019,2019,2019,2019,2020,2020,2020,2020,2020,2021,2021,2021,2021,2021,2022,2022,2022,2022,2022
"시도별","연령계층별",15세이상인구 (천명),경제활동인구 (천명),비경제활동인구 (천명),경제활동참가율 (%),고용률 (%),15세이상인구 (천명),경제활동인구 (천명),비경제활동인구 (천명),경제활동참가율 (%),고용률 (%),15세이상인구 (천명),경제활동인구 (천명),비경제활동인구 (천명),경제활동참가율 (%),고용률 (%),15세이상인구 (천명),경제활동인구 (천명),비경제활동인구 (천명),경제활동참가율 (%),고용률 (%),15세이상인구 (천명),경제활동인구 (천명),비경제활동인구 (천명),경제활동참가율 (%),고용률 (%),15세이상인구 (천명),경제활동인구 (천명),비경제활동인구 (천명),경제활동참가율 (%),고용률 (%),15세이상인구 (천명),경제활동인구 (천명),비경제활동인구 (천명),경제활동참가율 (%),고용률 (%),15세이상인구 (천명),경제활동인구 (천명),비경제활동인구 (천명),경제활동참가율 (%),고용률 (%),15세이상인구 (천명),경제활동인구 (천명),비경제활동인구 (천명),경제활동참가율 (%),고용률 (%),15세이상인구 (천명),경제활동인구 (천명),비경제활동인구 (천명),경제활동참가율 (%),고용률 (%)
"서울특별시","15 - 19세",590,45,545,7.6,6.8,568,52,516,9.1,8.5,546,51,495,9.3,8.2,529,49,480,9.3,8.5,497,51,446,10.3,9.6,464,36,429,7.7,6.8,437,36,401,8.3,7.6,408,30,378,7.2,6.6,382,39,343,10.1,9.5,367,35,332,9.4,8.7
"서울특별시","20 - 29세",1406,888,518,63.2,57.7,1387,885,503,63.8,57.0,1378,879,499,63.8,57.9,1378,898,479,65.2,58.4,1384,897,487,64.8,58.1,1386,913,473,65.9,59.2,1393,917,477,65.8,60.0,1410,902,508,64.0,58.1,1407,955,453,67.8,61.6,1372,927,445,67.6,63.0
"서울특별시","30 - 39세",1736,1362,373,78.5,75.7,1699,1343,355,79.1,76.0,1655,1297,358,78.4,75.6,1614,1267,347,78.5,75.6,1579,1280,300,81.0,77.7,1546,1248,298,80.7,77.2,1510,1227,283,81.3,78.0,1493,1193,300,79.9,76.8,1480,1195,285,80.8,77.3,1451,1195,256,82.3,80.0
"서울특별시","40 - 49세",1677,1346,330,80.3,78.0,1680,1341,339,79.8,77.5,1666,1310,355,78.7,76.4,1637,1304,333,79.6,77.9,1609,1270,339,78.9,76.4,1574,1258,317,79.9,77.3,1524,1194,331,78.3,76.3,1503,1185,318,78.9,76.9,1477,1153,324,78.1,76.0,1440,1142,298,79.3,77.4
"서울특별시","50 - 59세",1576,1146,430,72.7,70.9,1592,1205,387,75.7,73.6,1590,1204,386,75.7,73.4,1576,1178,398,74.8,72.6,1560,1172,388,75.1,73.3,1542,1144,398,74.2,72.0,1527,1141,386,74.7,72.5,1518,1138,381,74.9,72.3,1508,1129,379,74.9,72.1,1496,1131,364,75.7,74.1
"서울특별시","60세이상",1608,568,1040,35.3,34.5,1686,623,1062,37.0,35.9,1777,650,1127,36.6,35.4,1849,676,1173,36.6,35.5,1927,727,1201,37.7,36.4,2008,737,1271,36.7,35.2,2086,804,1282,38.6,36.9,2184,845,1339,38.7,36.9,2278,842,1437,36.9,35.1,2340,866,1475,37.0,35.7
"서울특별시","15 - 64세",7502,5079,2423,67.7,65.0,7463,5131,2332,68.8,65.7,7407,5069,2337,68.4,65.5,7342,5046,2296,68.7,65.8,7265,5051,2214,69.5,66.4,7175,4979,2196,69.4,66.0,7078,4909,2168,69.4,66.3,7037,4859,2177,69.1,65.9,6978,4878,2100,69.9,66.6,6845,4846,1999,70.8,68.4
"서울특별시","15 - 24세",1192,324,868,27.2,24.6,1179,346,833,29.3,25.9,1162,361,801,31.1,27.9,1150,370,781,32.1,29.0,1109,356,752,32.1,29.1,1056,317,740,30.0,26.4,1017,300,717,29.5,26.0,978,295,683,30.2,26.8,937,322,615,34.4,31.5,901,307,595,34.0,31.6
"서울특별시","15 - 29세",1996,933,1063,46.7,42.7,1956,936,1019,47.9,42.9,1924,930,994,48.3,43.8,1907,948,959,49.7,44.6,1881,948,933,50.4,45.3,1850,949,901,51.3,46.1,1830,953,877,52.1,47.5,1818,932,886,51.3,46.6,1789,993,796,55.5,50.5,1739,962,777,55.3,51.5
"부산광역시","15 - 19세",219,18,201,8.0,7.3,210,17,193,8.3,7.2,201,16,185,8.0,7.5,194,13,181,6.7,6.1,179,19,160,10.5,9.6,163,10,154,6.0,5.4,153,11,142,7.2,6.2,141,8,133,5.7,5.3,131,10,122,7.3,6.1,126,9,117,7.1,6.6
"부산광역시","20 - 29세",423,245,178,57.8,52.8,421,248,173,58.9,53.8,423,252,171,59.5,53.6,424,264,161,62.1,55.9,426,263,163,61.7,54.5,425,253,172,59.6,53.9,421,260,161,61.7,56.3,415,244,171,58.8,52.5,412,233,180,56.5,52.3,401,228,172,57.0,53.1
"부산광역시","30 - 39세",504,367,137,72.9,69.6,494,371,123,75.1,72.1,485,364,121,75.1,72.4,477,363,114,76.0,73.6,466,363,103,77.8,75.1,452,343,109,76.0,73.4,436,335,101,76.8,74.5,419,309,110,73.7,70.7,408,304,104,74.5,72.0,399,307,92,76.8,74.7
"부산광역시","40 - 49세",557,433,124,77.7,75.7,556,436,120,78.4,76.3,551,429,123,77.8,75.2,541,412,129,76.2,74.2,530,413,117,77.9,75.4,517,408,109,78.9,76.3,504,396,108,78.6,77.1,498,385,113,77.3,75.9,493,381,112,77.3,75.7,487,380,108,77.9,76.1
"부산광역시","50 - 59세",613,452,161,73.7,72.1,614,450,164,73.3,71.7,606,437,169,72.1,70.2,598,421,177,70.4,68.6,588,411,177,69.9,67.9,578,404,174,70.0,67.8,570,413,156,72.6,70.9,557,415,142,74.5,72.2,545,412,133,75.7,74.1,536,407,129,76.0,74.7
"부산광역시","60세이상",661,223,438,33.7,32.8,690,237,453,34.4,33.6,728,258,470,35.5,34.5,766,282,484,36.8,35.7,803,297,506,37.0,35.7,840,310,530,36.9,35.9,876,325,551,37.1,35.6,917,351,567,38.2,36.8,960,375,584,39.1,37.8,990,399,591,40.3,39.2
"부산광역시","15 - 64세",2529,1626,903,64.3,61.8,2515,1642,873,65.3,62.7,2499,1635,865,65.4,62.7,2484,1620,864,65.2,62.6,2449,1627,822,66.4,63.4,2406,1580,826,65.7,62.9,2365,1577,788,66.7,64.2,2319,1524,795,65.7,62.9,2287,1511,776,66.1,63.9,2245,1512,733,67.4,65.4
"부산광역시","15 - 24세",424,106,319,24.9,22.5,420,113,307,26.9,24.6,413,112,301,27.2,24.7,407,115,292,28.3,25.0,389,119,270,30.5,27.2,367,100,267,27.3,24.9,350,111,239,31.6,28.2,331,96,236,28.9,25.0,314,79,235,25.3,22.9,300,82,217,27.5,25.6
"부산광역시","15 - 29세",642,262,380,40.9,37.3,631,265,366,42.0,38.2,623,268,356,42.9,38.8,619,277,342,44.7,40.3,605,282,323,46.6,41.2,588,263,325,44.7,40.4,574,271,303,47.2,42.9,557,252,305,45.3,40.5,543,242,301,44.6,41.2,527,237,289,45.1,42.0
"대구광역시","15 - 19세",173,15,158,8.5,7.5,167,16,151,9.7,8.5,161,16,145,9.9,8.9,157,12,145,7.4,6.9,148,9,139,6.0,5.6,138,8,130,6.0,5.8,129,8,121,6.5,6.3,119,6,113,5.2,4.9,111,9,103,7.6,7.3,107,7,99,6.7,6.5
"대구광역시","20 - 29세",296,171,125,57.7,52.1,296,179,117,60.5,53.6,297,184,113,62.0,55.7,298,186,112,62.5,54.8,301,170,131,56.5,49.8,302,174,128,57.5,50.3,300,178,122,59.4,54.3,294,165,128,56.4,51.2,293,177,116,60.4,56.0,284,166,118,58.4,54.2
"대구광역시","30 - 39세",366,280,86,76.4,73.7,355,273,83,76.7,74.1,344,269,75,78.3,76.3,335,268,67,80.0,77.3,328,253,75,77.1,73.6,320,237,83,74.1,70.3,313,227,86,72.5,69.4,302,224,78,74.2,71.2,291,231,61,79.2,76.8,283,223,59,79.0,77.3
"대구광역시","40 - 49세",438,342,96,78.1,76.9,438,345,93,78.9,77.0,434,347,86,80.1,78.7,425,343,82,80.6,78.6,417,343,74,82.2,80.6,405,333,72,82.1,80.6,392,314,78,80.1,78.3,382,291,91,76.1,74.6,374,285,89,76.3,74.5,364,288,76,79.1,77.4
"대구광역시","50 - 59세",398,296,102,74.3,73.2,406,308,98,75.9,74.6,411,313,98,76.2,74.3,416,317,99,76.3,74.8,419,328,91,78.3,76.7,423,327,96,77.2,75.5,426,323,103,75.9,73.9,422,318,104,75.4,73.0,419,324,94,77.5,75.2,414,327,87,79.0,77.4
"대구광역시","60세이상",410,143,267,34.9,34.1,428,154,274,36.0,35.2,449,161,288,35.8,34.9,471,175,296,37.2,35.8,495,188,307,38.0,36.7,518,203,315,39.2,37.8,544,216,328,39.6,38.4,572,227,345,39.7,38.5,602,239,363,39.7,37.9,625,254,372,40.6,39.4
"대구광역시","15 - 64세",1799,1177,623,65.4,63.2,1795,1202,594,66.9,64.3,1788,1213,575,67.8,65.4,1782,1214,568,68.1,65.3,1770,1199,571,67.7,65.0,1752,1177,575,67.2,64.2,1734,1157,577,66.7,64.2,1702,1116,586,65.6,63.0,1681,1142,538,68.0,65.5,1649,1136,513,68.9,66.9
"대구광역시","15 - 24세",319,76,244,23.6,20.9,318,87,231,27.4,24.1,314,91,223,28.9,25.6,309,85,224,27.6,24.4,298,72,225,24.3,21.2,283,72,211,25.5,22.9,270,68,203,25.0,22.8,255,56,198,22.1,19.6,244,70,174,28.6,26.0,235,66,169,28.0,26.2
"대구광역시","15 - 29세",468,186,283,39.6,35.7,463,195,268,42.2,37.4,459,200,258,43.7,39.3,455,198,257,43.5,38.3,449,179,270,39.8,35.2,440,182,258,41.4,36.3,430,187,243,43.4,39.8,413,172,241,41.6,37.8,404,185,219,45.8,42.6,391,173,218,44.3,41.3
"인천광역시","15 - 19세",185,18,167,9.8,8.2,179,18,161,10.2,8.9,175,17,157,9.9,8.6,171,16,155,9.6,7.8,164,17,147,10.2,8.8,156,15,141,9.6,8.8,148,15,133,10.4,9.4,139,9,130,6.7,6.2,133,10,123,7.5,7.0,130,10,119,8.0,7.2
"인천광역시","20 - 29세",358,229,129,64.0,58.4,361,236,124,65.5,57.6,363,240,123,66.1,58.3,363,251,112,69.2,61.6,366,250,115,68.5,61.4,366,261,105,71.2,64.6,369,262,107,70.9,64.6,368,250,117,68.1,62.2,362,242,120,66.9,61.6,354,252,102,71.1,66.5
"인천광역시","30 - 39세",469,356,113,75.9,73.0,465,351,114,75.5,72.7,459,353,106,77.0,73.9,455,352,103,77.5,74.8,450,348,102,77.4,74.6,442,349,93,79.0,76.1,436,354,82,81.1,77.9,425,337,88,79.3,75.9,411,318,94,77.2,75.2,409,322,87,78.7,76.1
"인천광역시","40 - 49세",511,412,99,80.6,78.5,514,415,99,80.8,78.5,511,413,97,80.9,78.3,505,416,90,82.3,79.9,501,405,96,80.9,78.8,495,402,93,81.2,79.1,488,387,101,79.3,77.5,485,387,98,79.8,77.5,479,385,95,80.3,77.8,479,382,96,79.9,78.2
"인천광역시","50 - 59세",450,339,111,75.4,73.0,469,355,114,75.8,73.7,482,361,121,74.9,72.5,493,374,119,75.8,73.5,501,387,113,77.3,74.6,505,397,108,78.6,76.7,512,399,113,78.0,75.6,511,388,123,75.8,73.3,508,392,116,77.2,75.1,509,400,109,78.6,77.1
"인천광역시","60세이상",391,157,234,40.2,38.9,415,168,247,40.5,38.9,444,182,262,41.0,38.9,474,189,285,39.8,37.4,505,200,305,39.7,37.8,539,221,318,41.0,38.8,576,236,340,41.0,38.9,616,263,353,42.7,40.5,656,283,373,43.1,40.9,695,303,392,43.6,41.9
"인천광역시","15 - 64세",2092,1427,664,68.2,65.3,2116,1452,663,68.6,65.4,2130,1479,651,69.4,65.9,2144,1513,632,70.6,67.2,2151,1518,633,70.6,67.3,2150,1540,610,71.6,68.6,2156,1537,618,71.3,68.3,2145,1501,644,70.0,66.9,2125,1490,635,70.1,67.4,2123,1522,601,71.7,69.4
"인천광역시","15 - 24세",352,107,246,30.2,27.3,352,108,244,30.8,26.5,348,112,236,32.2,27.5,342,117,225,34.3,30.2,331,112,219,33.8,29.8,318,114,204,35.9,32.5,308,113,195,36.6,32.7,296,100,196,33.7,30.1,287,98,188,34.3,30.9,280,93,187,33.2,30.8
"인천광역시","15 - 29세",543,247,296,45.5,41.3,540,255,285,47.2,41.5,538,257,280,47.9,42.2,534,268,267,50.1,44.4,530,267,263,50.4,45.1,522,276,246,52.8,47.9,517,277,240,53.6,48.8,507,260,247,51.2,46.8,495,252,243,51.0,46.9,484,263,222,54.2,50.6
"광주광역시","15 - 19세",117,7,110,6.1,5.7,114,11,104,9.2,8.4,111,9,102,8.1,7.6,107,7,100,6.6,5.9,101,8,93,7.4,7.0,94,7,87,7.9,7.3,89,8,81,8.6,7.3,83,6,77,7.4,6.8,78,5,73,6.4,5.0,74,6,68,8.3,7.7
"광주광역시","20 - 29세",195,107,88,55.0,50.9,194,111,83,57.2,53.4,196,108,88,55.2,51.0,195,107,88,55.0,49.7,197,110,87,55.6,51.4,198,119,80,59.8,54.6,200,119,81,59.5,53.9,203,118,85,58.0,53.0,204,109,95,53.4,49.6,199,107,92,53.9,50.4
"광주광역시","30 - 39세",242,180,62,74.3,71.8,236,180,56,76.2,74.4,229,177,53,77.0,74.6,222,169,54,75.9,74.2,215,162,53,75.3,73.2,208,161,48,77.1,74.2,203,155,47,76.7,75.1,198,147,51,74.4,71.8,193,144,49,74.6,71.9,189,141,48,74.7,71.8
"광주광역시","40 - 49세",259,207,52,79.9,78.6,263,209,54,79.5,78.4,264,214,50,81.1,79.4,260,209,51,80.3,79.3,258,211,47,81.7,80.2,254,206,48,81.2,79.3,248,200,49,80.4,78.5,247,198,49,80.3,78.2,243,196,48,80.4,78.9,240,189,51,78.9,77.6
"광주광역시","50 - 59세",208,152,56,72.9,72.3,215,161,54,75.0,73.6,220,162,58,73.7,72.9,226,167,59,73.8,72.6,231,176,55,76.2,75.2,235,181,53,77.4,75.3,238,183,56,76.8,74.5,241,184,57,76.2,74.2,243,187,56,77.1,75.4,245,191,54,77.9,76.9
"광주광역시","60세이상",214,74,140,34.6,33.8,222,81,141,36.6,35.4,234,86,148,36.6,35.9,246,94,152,38.2,37.1,259,100,159,38.8,37.9,272,105,168,38.4,37.2,287,114,173,39.7,38.6,304,125,179,41.1,39.8,320,132,189,41.1,39.4,333,138,194,41.5,40.3
"광주광역시","15 - 64세",1085,688,397,63.4,61.6,1087,709,378,65.2,63.4,1089,709,380,65.1,63.2,1085,701,384,64.6,62.5,1079,709,370,65.7,63.8,1073,721,352,67.2,64.6,1069,716,353,66.9,64.5,1068,710,358,66.4,63.8,1064,699,365,65.7,63.4,1053,697,356,66.2,64.3
"광주광역시","15 - 24세",213,48,165,22.4,20.6,214,52,163,24.1,22.3,214,50,164,23.4,21.9,210,50,160,23.8,21.3,203,54,149,26.5,24.6,195,56,138,28.9,26.9,187,55,132,29.6,26.2,179,49,131,27.1,24.0,172,41,131,23.7,20.9,164,41,123,24.9,22.5
"광주광역시","15 - 29세",311,114,197,36.6,33.9,308,121,187,39.4,36.7,307,117,190,38.2,35.3,302,114,188,37.8,34.1,298,117,181,39.3,36.3,292,126,166,43.1,39.4,289,127,162,43.9,39.6,285,124,162,43.4,39.6,281,114,167,40.5,37.3,274,114,160,41.5,38.8
"대전광역시","15 - 19세",117,8,109,6.9,6.2,115,9,106,8.0,6.7,111,7,104,6.3,5.7,108,8,100,7.1,6.8,98,5,93,5.4,4.9,89,6,82,7.2,6.1,83,6,77,7.4,6.9,77,7,71,8.6,7.7,72,7,65,9.7,9.1,70,6,64,8.5,8.2
"대전광역시","20 - 29세",212,123,89,58.0,53.9,212,130,82,61.3,56.9,214,132,82,61.7,56.3,217,138,79,63.5,58.2,223,135,88,60.4,55.8,226,127,98,56.4,50.7,227,133,94,58.6,53.0,225,140,85,62.2,57.5,223,136,87,60.9,56.7,218,138,79,63.5,60.7
"대전광역시","30 - 39세",244,180,64,73.8,72.0,238,180,58,75.6,73.8,229,179,50,78.3,76.3,223,168,55,75.5,73.4,218,165,53,75.7,73.6,212,165,46,78.2,74.7,205,162,43,79.0,76.3,198,160,38,80.7,77.4,195,156,40,79.6,77.8,195,158,37,80.9,78.9
"대전광역시","40 - 49세",263,210,53,79.9,78.3,266,215,51,80.9,79.0,263,209,55,79.3,77.7,260,209,51,80.5,79.2,255,207,48,81.1,79.5,249,207,42,83.2,81.5,242,199,43,82.3,80.1,236,187,49,79.2,77.1,232,186,46,80.3,78.5,227,179,48,78.9,77.8
"대전광역시","50 - 59세",228,166,62,72.8,71.5,233,179,55,76.7,75.2,236,183,52,77.7,76.2,237,182,55,76.8,75.3,237,178,60,74.8,73.2,239,178,60,74.8,73.0,241,185,56,76.6,74.6,240,189,52,78.5,75.6,239,186,52,78.1,76.3,238,184,53,77.5,76.6
"대전광역시","60세이상",213,70,143,32.8,31.9,224,75,149,33.6,32.3,237,87,151,36.5,35.4,251,95,156,37.8,36.9,265,101,164,38.2,36.9,279,108,172,38.5,37.2,294,121,173,41.2,39.5,310,134,176,43.1,41.3,328,141,187,43.0,41.4,342,148,194,43.3,42.1
"대전광역시","15 - 64세",1130,722,408,63.9,62.0,1134,753,382,66.4,64.1,1129,755,374,66.9,64.6,1126,753,373,66.9,64.6,1119,741,378,66.2,64.0,1107,739,368,66.7,63.9,1096,747,349,68.1,65.3,1080,748,333,69.2,66.2,1070,737,334,68.8,66.7,1058,736,323,69.5,67.9
"대전광역시","15 - 24세",223,54,169,24.3,22.7,224,62,162,27.7,25.3,224,63,161,28.1,25.3,222,64,158,28.8,25.9,214,56,157,26.3,24.1,202,53,149,26.4,23.3,193,53,140,27.5,24.1,181,56,126,30.6,28.0,171,57,114,33.5,31.5,162,52,109,32.4,31.4
"대전광역시","15 - 29세",329,131,198,39.8,36.9,327,139,188,42.5,39.2,325,139,186,42.7,38.9,325,146,179,44.8,41.1,321,140,181,43.6,40.2,314,134,181,42.6,38.1,309,139,170,44.9,40.6,302,146,155,48.5,44.7,295,143,152,48.4,45.0,287,144,143,50.2,48.0
"울산광역시","15 - 19세",79,4,75,4.8,4.2,76,5,71,6.9,6.2,74,5,68,7.1,6.4,72,5,67,6.6,6.0,69,5,64,6.8,6.1,65,4,62,5.7,4.7,61,3,58,4.9,4.8,56,3,53,5.7,5.0,52,2,51,3.1,3.1,51,2,48,4.7,4.5
"울산광역시","20 - 29세",133,82,51,61.4,57.5,138,84,54,61.1,56.3,142,86,56,60.6,54.9,141,88,54,62.1,55.2,138,88,50,63.7,58.3,133,85,48,63.9,57.8,129,78,50,60.8,55.3,125,74,51,59.1,52.3,121,67,54,55.5,51.0,117,71,46,60.9,56.2
"울산광역시","30 - 39세",187,132,55,70.6,69.1,186,130,56,69.7,67.8,185,133,52,71.9,70.1,182,133,50,72.7,70.7,179,135,44,75.5,73.8,173,134,40,77.1,74.1,167,128,39,76.5,73.3,161,121,40,75.1,72.6,154,115,39,74.4,72.3,146,111,36,75.6,73.2
"울산광역시","40 - 49세",216,166,50,76.7,75.9,216,164,52,75.9,75.0,214,165,49,77.1,76.2,209,159,49,76.3,74.5,203,158,45,77.8,75.5,198,153,45,77.2,74.8,193,152,40,79.0,77.2,190,145,44,76.6,75.0,187,146,41,78.3,76.1,184,142,42,77.4,75.4
"울산광역시","50 - 59세",185,131,55,70.5,69.8,192,134,58,69.8,69.0,198,141,57,71.4,70.7,203,147,57,72.2,70.9,207,150,56,72.7,71.2,209,153,56,73.4,71.2,210,155,55,73.7,71.4,210,153,57,72.8,70.6,208,152,56,73.3,71.9,206,153,53,74.4,73.7
"울산광역시","60세이상",137,52,86,37.7,37.1,147,55,92,37.2,36.2,158,59,98,37.6,36.4,169,68,102,39.9,38.6,181,69,112,38.1,36.8,194,73,121,37.6,35.4,207,80,127,38.7,36.6,223,89,134,40.0,38.2,239,93,146,39.0,36.9,253,105,148,41.5,39.8
"울산광역시","15 - 64세",850,540,311,63.5,62.1,862,544,318,63.1,61.4,871,560,310,64.4,62.5,871,566,305,65.0,62.4,864,572,292,66.3,63.9,853,568,285,66.6,63.6,839,557,282,66.4,63.7,827,542,284,65.6,62.9,814,529,284,65.1,62.9,798,532,266,66.7,64.7
"울산광역시","15 - 24세",141,32,109,22.5,20.1,142,35,107,24.4,21.7,141,37,104,26.0,22.5,137,35,102,25.5,22.6,131,36,95,27.3,24.7,123,32,91,26.2,23.6,117,29,87,25.2,22.7,111,27,83,24.6,21.8,106,23,83,21.6,19.6,104,28,76,26.8,23.8
"울산광역시","15 - 29세",212,85,126,40.4,37.7,214,89,124,41.8,38.5,215,91,124,42.3,38.3,213,93,120,43.4,38.7,207,93,114,44.8,40.9,199,89,110,44.7,40.4,189,81,108,42.8,39.1,181,77,104,42.5,37.6,174,69,105,39.7,36.5,168,74,94,43.9,40.5
"세종특별자치시","15 - 19세",-,-,-,-,-,-,-,-,-,-,-,-,-,-,-,-,-,-,-,-,16,1,14,9.0,9.0,18,1,17,5.7,5.7,19,1,18,4.7,4.2,20,1,19,4.5,4.0,21,1,20,5.8,5.3,22,1,21,5.0,4.5
"세종특별자치시","20 - 29세",-,-,-,-,-,-,-,-,-,-,-,-,-,-,-,-,-,-,-,-,33,18,15,55.4,51.1,37,21,16,57.3,54.0,41,22,19,54.4,49.5,42,24,18,56.3,52.0,43,22,21,51.5,49.6,43,22,21,50.5,49.1
"세종특별자치시","30 - 39세",-,-,-,-,-,-,-,-,-,-,-,-,-,-,-,-,-,-,-,-,49,37,12,75.4,73.9,55,42,13,76.5,75.2,61,47,14,77.5,75.8,64,51,12,80.5,78.6,62,49,14,78.2,76.8,62,50,12,80.1,78.3
"세종특별자치시","40 - 49세",-,-,-,-,-,-,-,-,-,-,-,-,-,-,-,-,-,-,-,-,47,38,9,80.5,79.6,55,45,10,81.4,79.9,62,51,11,82.3,81.6,67,55,12,82.2,81.6,70,58,12,82.9,81.7,74,62,12,83.2,82.2
"세종특별자치시","50 - 59세",-,-,-,-,-,-,-,-,-,-,-,-,-,-,-,-,-,-,-,-,31,23,8,73.9,72.9,36,27,8,76.3,75.5,40,33,8,80.6,78.9,44,33,11,75.6,73.8,46,36,10,78.1,76.8,50,40,10,79.8,78.6
"세종특별자치시","60세이상",-,-,-,-,-,-,-,-,-,-,-,-,-,-,-,-,-,-,-,-,36,15,21,42.2,41.7,41,16,25,39.4,38.4,45,19,27,41.4,40.5,50,21,29,41.3,39.9,54,23,31,43.0,41.9,58,27,31,46.7,45.5
"세종특별자치시","15 - 64세",-,-,-,-,-,-,-,-,-,-,-,-,-,-,-,-,-,-,-,-,187,124,63,66.3,64.8,213,143,70,67.1,65.6,238,161,77,67.7,65.9,254,173,81,68.1,66.3,261,176,85,67.5,66.2,272,187,85,68.7,67.4
"세종특별자치시","15 - 24세",-,-,-,-,-,-,-,-,-,-,-,-,-,-,-,-,-,-,-,-,32,7,25,22.4,20.9,35,8,27,23.6,21.0,38,8,30,20.6,18.3,40,8,32,19.0,16.0,41,7,34,16.4,14.7,42,8,34,19.3,17.9
"세종특별자치시","15 - 29세",-,-,-,-,-,-,-,-,-,-,-,-,-,-,-,-,-,-,-,-,48,20,29,40.4,37.5,54,22,32,40.6,38.1,60,23,37,38.5,35.1,62,25,38,39.6,36.6,64,23,40,36.5,35.1,65,23,42,35.0,33.9
"경기도","15 - 19세",794,68,727,8.5,7.7,781,71,710,9.1,8.4,772,76,695,9.9,8.9,766,81,685,10.6,9.4,749,88,661,11.7,10.7,723,75,648,10.4,9.6,697,69,628,9.9,9.1,663,58,605,8.7,7.9,634,58,575,9.2,8.4,624,64,560,10.2,9.7
"경기도","20 - 29세",1475,943,532,63.9,59.4,1501,984,516,65.6,60.1,1526,1033,493,67.7,61.6,1539,1043,497,67.7,61.2,1569,1072,497,68.3,61.0,1592,1078,515,67.7,61.5,1632,1088,544,66.7,60.8,1662,1040,623,62.5,57.2,1698,1090,609,64.2,59.3,1678,1160,517,69.2,64.9
"경기도","30 - 39세",2067,1551,516,75.1,73.2,2035,1547,489,76.0,74.1,2006,1529,477,76.2,73.9,1992,1546,446,77.6,75.4,1988,1537,451,77.3,75.0,1986,1555,431,78.3,76.2,2006,1559,447,77.7,75.5,1996,1560,436,78.1,75.5,1984,1551,433,78.2,75.8,1978,1590,388,80.4,78.0
"경기도","40 - 49세",2244,1755,488,78.2,76.7,2277,1846,431,81.1,79.4,2284,1875,409,82.1,80.0,2279,1860,420,81.6,79.7,2282,1864,418,81.7,80.3,2281,1836,446,80.5,78.5,2284,1818,467,79.6,77.6,2295,1771,524,77.2,75.2,2307,1804,503,78.2,76.5,2314,1844,470,79.7,78.4
"경기도","50 - 59세",1773,1309,464,73.8,72.4,1856,1409,447,75.9,73.9,1928,1462,466,75.8,73.5,1994,1507,487,75.6,73.5,2055,1604,452,78.0,76.1,2109,1662,447,78.8,76.5,2178,1712,466,78.6,76.5,2221,1688,533,76.0,73.6,2261,1734,527,76.7,74.7,2308,1820,488,78.9,77.7
"경기도","60세이상",1635,574,1060,35.1,34.5,1729,631,1098,36.5,35.6,1850,678,1172,36.7,35.5,1978,731,1247,37.0,35.7,2116,788,1328,37.3,35.9,2268,854,1414,37.6,36.3,2438,981,1457,40.2,38.6,2619,1077,1542,41.1,39.6,2810,1184,1626,42.1,40.3,2982,1331,1651,44.6,43.5
"경기도","15 - 64세",8832,5904,2928,66.8,64.8,8965,6168,2796,68.8,66.5,9086,6320,2765,69.6,66.8,9206,6423,2783,69.8,67.0,9337,6592,2745,70.6,67.9,9451,6670,2781,70.6,67.9,9630,6773,2857,70.3,67.6,9736,6685,3051,68.7,65.9,9855,6845,3010,69.5,66.9,9919,7138,2781,72.0,70.0
"경기도","15 - 24세",1482,403,1078,27.2,24.7,1497,440,1058,29.4,26.6,1503,489,1014,32.6,29.0,1491,475,1016,31.8,28.2,1470,489,982,33.2,29.6,1435,450,985,31.4,28.2,1415,436,979,30.8,27.8,1385,391,994,28.2,25.4,1367,418,949,30.6,28.0,1344,452,891,33.7,31.5
"경기도","15 - 29세",2269,1010,1259,44.5,41.3,2282,1055,1227,46.2,42.4,2298,1110,1188,48.3,43.9,2306,1124,1182,48.7,44.0,2318,1160,1158,50.0,44.8,2315,1152,1162,49.8,45.3,2329,1157,1172,49.7,45.4,2325,1098,1228,47.2,43.1,2332,1148,1184,49.2,45.5,2302,1224,1078,53.2,50.0
"강원도","15 - 19세",100,8,92,8.0,7.3,98,6,92,6.1,5.2,97,6,91,6.0,5.3,94,8,87,8.0,7.3,89,9,80,10.1,9.3,83,6,77,6.8,6.0,78,6,72,7.7,6.9,72,6,66,8.3,7.6,67,5,63,6.8,6.4,65,2,62,3.6,3.4
"강원도","20 - 29세",158,87,71,55.0,51.2,159,90,70,56.3,50.7,163,93,70,57.2,50.0,165,95,70,57.7,51.7,167,106,62,63.2,58.1,168,107,61,63.5,60.4,167,107,60,63.9,58.9,165,100,65,60.5,55.3,164,97,68,58.8,54.0,162,96,66,59.2,54.7
"강원도","30 - 39세",189,137,52,72.5,70.7,184,134,50,73.0,70.3,179,136,44,75.6,73.7,176,136,39,77.6,75.1,172,132,40,76.7,74.7,168,126,41,75.4,73.0,164,128,35,78.5,75.8,160,123,38,76.5,74.4,158,123,35,77.7,75.5,154,120,34,78.2,76.5
"강원도","40 - 49세",237,191,47,80.3,79.4,239,195,44,81.7,80.7,238,197,42,82.5,81.2,233,188,45,80.5,79.5,229,189,40,82.4,81.5,224,181,43,80.7,79.4,218,181,38,82.7,81.4,214,174,40,81.3,79.4,211,173,38,81.8,80.2,206,171,34,83.3,81.6
"강원도","50 - 59세",251,184,67,73.2,72.4,256,188,68,73.3,72.2,258,193,65,74.8,74.1,260,195,65,75.1,74.6,261,202,60,77.2,76.1,261,205,56,78.5,77.2,261,210,51,80.4,78.9,259,205,54,79.3,77.4,256,201,55,78.6,76.9,255,201,54,78.9,77.7
"강원도","60세이상",319,116,203,36.4,35.6,330,131,200,39.5,38.7,345,141,204,40.9,39.8,360,149,211,41.4,40.6,377,174,203,46.2,45.2,396,188,208,47.5,45.5,415,210,205,50.5,48.1,437,220,218,50.3,47.8,461,242,219,52.5,50.1,482,254,228,52.7,50.6
"강원도","15 - 64세",1012,649,363,64.1,62.6,1019,662,357,65.0,62.9,1027,683,344,66.5,64.3,1030,685,345,66.5,64.6,1027,708,320,68.9,67.1,1022,701,321,68.6,66.7,1015,716,299,70.6,68.3,1004,698,306,69.5,67.0,998,692,306,69.4,67.2,986,688,298,69.8,67.8
"강원도","15 - 24세",182,47,135,25.8,23.5,183,48,135,26.1,23.1,185,48,137,25.9,22.8,184,47,137,25.7,22.7,178,58,120,32.5,30.0,170,52,118,30.6,28.8,162,53,109,32.7,29.9,154,48,106,31.4,28.7,146,43,103,29.6,27.7,140,35,106,24.7,22.0
"강원도","15 - 29세",258,95,163,36.9,34.3,257,96,162,37.1,33.3,259,99,160,38.1,33.3,259,103,156,39.7,35.6,256,115,141,44.8,41.2,251,112,139,44.7,42.4,245,113,132,46.0,42.4,238,106,132,44.6,40.8,232,101,131,43.7,40.2,227,98,128,43.3,40.0
"충청북도","15 - 19세",108,6,102,5.7,5.4,107,7,99,6.8,6.1,105,11,94,10.3,9.5,103,9,94,8.4,8.3,95,8,88,8.1,7.7,88,11,77,12.0,11.3,82,8,74,9.8,8.7,77,6,71,7.9,7.0,72,6,66,8.5,7.1,70,7,63,9.3,8.6
"충청북도","20 - 29세",186,116,69,62.7,58.4,187,127,60,67.8,61.9,191,122,69,63.8,59.2,198,126,71,63.9,59.5,203,131,72,64.4,60.2,206,133,73,64.6,60.0,209,129,80,61.9,57.1,209,129,80,61.7,56.8,207,131,76,63.4,59.9,202,136,66,67.1,63.5
"충청북도","30 - 39세",226,168,57,74.6,73.2,223,170,52,76.5,74.6,220,172,48,78.1,76.9,217,171,46,78.9,76.6,215,168,46,78.4,76.7,211,167,45,78.9,76.7,210,169,41,80.6,78.3,207,166,41,80.1,79.0,203,155,48,76.4,75.3,202,158,44,78.4,76.7
"충청북도","40 - 49세",255,208,47,81.4,80.6,259,217,42,83.7,82.5,260,217,42,83.7,82.3,256,212,44,82.9,81.6,253,214,38,84.8,84.1,249,208,41,83.5,82.5,244,203,41,83.1,81.5,242,199,42,82.5,80.3,239,199,40,83.3,82.2,238,192,45,80.9,79.7
"충청북도","50 - 59세",241,184,57,76.4,75.9,248,196,52,79.2,77.8,254,204,50,80.2,78.9,259,209,50,80.7,79.3,263,212,51,80.5,79.5,266,213,54,79.9,79.0,271,214,57,78.9,77.7,271,221,50,81.5,80.0,269,217,52,80.7,79.3,269,220,49,81.7,80.3
"충청북도","60세이상",293,118,175,40.2,39.7,303,130,173,42.9,42.0,316,136,180,43.1,42.1,330,140,190,42.5,41.8,347,147,200,42.4,41.8,365,168,197,46.0,45.2,383,184,199,48.1,46.9,403,198,205,49.2,47.6,426,211,215,49.6,48.2,446,237,210,53.0,51.8
"충청북도","15 - 64세",1090,726,364,66.6,65.2,1104,769,335,69.6,67.5,1117,784,333,70.2,68.3,1129,791,338,70.1,68.2,1132,800,331,70.7,69.1,1131,802,329,70.9,69.1,1136,801,335,70.5,68.3,1131,806,325,71.3,69.0,1125,805,321,71.5,69.9,1119,816,303,72.9,71.1
"충청북도","15 - 24세",198,54,144,27.2,24.9,201,62,139,30.7,28.1,203,64,140,31.3,28.8,206,67,139,32.4,30.7,200,63,137,31.4,29.3,192,65,127,33.9,31.0,184,59,125,32.2,29.5,175,54,121,31.0,27.5,165,54,111,32.8,30.4,155,51,105,32.8,29.9
"충청북도","15 - 29세",293,123,171,41.8,38.9,294,134,160,45.6,41.6,296,133,163,44.8,41.6,301,135,166,44.9,42.0,298,139,160,46.5,43.4,294,144,150,48.9,45.5,291,138,154,47.2,43.5,286,135,151,47.3,43.4,279,137,142,49.2,46.2,272,142,130,52.3,49.4
"충청남도","15 - 19세",144,14,130,9.4,8.5,144,14,130,10.0,8.6,145,13,133,8.6,7.4,147,16,131,10.8,9.2,125,10,114,8.3,7.1,116,11,105,9.4,8.4,110,10,100,9.2,8.2,103,7,97,6.3,6.0,98,7,91,7.4,6.4,96,9,87,9.2,8.6
"충청남도","20 - 29세",265,174,90,65.9,60.2,268,177,91,66.1,60.8,276,190,86,68.8,63.4,284,186,99,65.2,59.7,263,163,100,62.0,56.1,269,174,95,64.7,58.9,273,178,95,65.2,59.9,271,165,106,60.9,55.7,267,155,112,58.1,55.4,261,161,100,61.7,58.6
"충청남도","30 - 39세",327,244,83,74.7,73.4,330,249,82,75.3,73.3,339,261,79,76.8,74.0,348,268,80,76.9,74.9,307,248,59,80.8,79.1,307,242,65,78.8,77.3,304,234,70,76.9,74.9,296,228,68,77.1,75.1,287,226,61,78.8,76.9,281,228,52,81.3,79.8
"충청남도","40 - 49세",338,286,52,84.6,83.3,350,293,57,83.8,81.6,360,297,63,82.5,80.7,371,303,68,81.7,80.4,333,274,59,82.3,81.0,334,278,56,83.3,81.7,333,280,53,84.1,82.6,333,277,55,83.4,81.4,332,270,61,81.5,80.4,332,265,67,79.8,78.2
"충청남도","50 - 59세",310,249,61,80.2,78.9,322,261,61,81.1,79.5,336,273,62,81.4,79.8,345,279,66,80.8,79.3,325,258,68,79.2,77.9,332,265,66,80.0,78.4,339,274,66,80.7,79.0,339,269,70,79.3,76.8,338,271,67,80.0,78.3,341,274,67,80.4,79.1
"충청남도","60세이상",437,206,231,47.2,46.5,450,209,241,46.4,45.4,469,208,261,44.4,43.4,491,215,276,43.8,42.7,478,221,257,46.2,45.6,498,246,252,49.4,48.4,519,256,264,49.2,48.6,544,273,271,50.2,49.0,571,291,280,50.9,50.2,597,317,280,53.1,52.1
"충청남도","15 - 64세",1490,1036,455,69.5,67.4,1526,1066,460,69.9,67.4,1576,1111,465,70.5,67.9,1626,1136,490,69.8,67.5,1481,1038,443,70.1,67.9,1494,1066,429,71.3,69.0,1506,1077,429,71.5,69.3,1496,1052,444,70.3,67.8,1487,1039,448,69.9,68.2,1484,1057,427,71.3,69.5
"충청남도","15 - 24세",273,88,185,32.3,29.0,278,93,185,33.5,29.8,285,95,190,33.4,30.0,291,95,196,32.6,28.3,258,80,177,31.2,27.6,249,77,172,31.0,27.7,242,80,162,33.0,30.1,231,69,162,29.8,27.2,220,60,160,27.3,25.3,209,59,150,28.3,26.3
"충청남도","15 - 29세",409,188,221,46.0,42.0,413,192,221,46.4,42.5,421,202,219,48.0,44.0,431,201,230,46.7,42.5,388,174,214,44.8,40.4,384,185,200,48.0,43.7,382,188,195,49.1,45.1,374,172,203,45.9,42.0,365,163,202,44.5,42.4,357,170,187,47.6,45.2
"전라북도","15 - 19세",126,8,118,6.4,6.1,124,8,116,6.1,6.1,122,9,113,7.1,6.2,121,9,112,7.4,7.0,114,6,108,4.9,3.6,107,4,102,4.0,3.8,99,4,95,4.2,4.0,91,4,87,4.3,3.7,84,5,79,6.2,5.8,81,6,75,7.2,7.1
"전라북도","20 - 29세",199,113,86,56.8,53.1,201,115,86,57.3,53.5,204,111,93,54.6,51.8,206,113,93,54.8,49.5,209,111,98,52.9,48.5,209,107,102,51.2,45.9,209,107,102,51.2,46.4,207,99,107,48.1,43.8,206,107,99,52.0,49.0,203,111,91,55.0,51.2
"전라북도","30 - 39세",240,177,63,73.6,71.9,235,176,59,74.8,72.4,231,172,58,74.7,73.6,225,170,54,75.8,74.3,218,164,54,75.3,73.6,210,163,47,77.5,75.6,202,158,44,78.1,75.7,194,154,41,79.0,76.9,188,144,44,76.4,74.7,184,141,43,76.8,75.0
"전라북도","40 - 49세",284,223,61,78.5,77.6,289,225,64,78.0,76.6,290,234,56,80.7,80.0,286,238,48,83.1,82.5,282,235,48,83.1,81.4,277,227,51,81.8,79.9,269,219,50,81.3,79.5,263,209,54,79.3,78.0,258,210,48,81.4,79.9,252,209,44,82.7,81.4
"전라북도","50 - 59세",275,210,64,76.5,75.9,281,215,66,76.5,75.6,285,220,65,77.2,76.6,289,229,60,79.3,78.6,292,226,65,77.6,76.6,293,224,69,76.5,75.4,295,227,69,76.8,75.7,292,228,64,78.1,77.0,291,224,67,77.0,76.5,292,229,63,78.4,77.2
"전라북도","60세이상",404,182,222,45.1,44.6,414,184,230,44.4,43.8,428,192,236,44.8,44.2,442,201,241,45.5,45.1,456,203,253,44.5,44.1,472,215,257,45.5,45.1,488,238,249,48.9,48.4,508,262,246,51.6,50.9,529,284,244,53.8,52.6,546,297,249,54.4,53.2
"전라북도","15 - 64세",1223,798,425,65.3,63.9,1233,805,428,65.3,63.5,1238,814,424,65.7,64.6,1239,830,409,67.0,65.5,1232,816,416,66.2,64.4,1222,805,418,65.8,63.9,1207,802,405,66.4,64.4,1186,788,398,66.4,64.6,1173,791,382,67.5,66.1,1160,794,366,68.5,66.8
"전라북도","15 - 24세",227,54,174,23.6,21.7,229,58,171,25.3,23.5,230,59,171,25.7,24.0,231,55,176,23.8,21.8,225,53,172,23.7,21.0,216,51,165,23.8,20.5,207,45,162,21.6,19.7,196,41,154,21.0,19.0,186,42,144,22.7,21.4,178,47,131,26.6,25.1
"전라북도","15 - 29세",325,121,204,37.2,34.9,325,123,202,37.8,35.4,326,120,206,36.9,34.8,327,122,205,37.3,33.8,323,116,207,36.0,32.7,316,112,205,35.3,31.7,308,111,197,36.0,32.7,298,103,195,34.6,31.5,291,113,178,38.7,36.5,283,117,166,41.3,38.6
"전라남도","15 - 19세",111,6,105,5.8,5.3,109,7,102,6.3,5.7,107,10,97,9.5,8.1,106,11,95,10.3,9.1,104,9,95,8.5,7.8,99,10,89,9.8,8.5,93,5,88,5.7,4.6,85,5,80,6.3,5.6,78,3,75,4.2,4.2,75,5,70,6.6,6.4
"전라남도","20 - 29세",159,104,55,65.3,60.9,163,103,59,63.4,57.4,166,100,66,60.3,55.6,167,101,66,60.6,54.3,165,97,67,59.2,53.3,163,97,66,59.5,53.7,164,101,63,61.8,56.0,162,95,67,58.7,54.7,163,93,70,57.1,53.1,160,95,64,59.7,55.9
"전라남도","30 - 39세",220,165,55,75.2,73.2,217,167,51,76.6,74.5,216,171,46,78.9,77.3,214,161,53,75.1,73.3,209,159,50,76.0,73.6,202,157,45,77.8,76.2,194,152,41,78.8,76.8,184,147,38,79.5,77.4,177,137,39,77.7,76.5,168,133,36,78.9,77.8
"전라남도","40 - 49세",276,226,50,81.9,80.8,278,233,46,83.6,82.0,278,232,46,83.5,81.7,272,225,47,82.9,81.1,268,217,51,81.0,78.6,263,216,48,81.9,79.8,256,210,47,81.8,80.4,250,210,40,83.9,82.7,245,208,37,84.8,83.3,242,204,38,84.4,82.7
"전라남도","50 - 59세",273,216,58,78.9,77.7,282,217,65,77.0,75.5,287,226,61,78.6,77.7,293,236,57,80.6,79.3,296,234,63,78.9,77.7,299,235,63,78.9,77.5,300,244,56,81.3,80.4,297,238,59,80.2,79.3,295,241,54,81.7,80.8,297,251,46,84.4,83.0
"전라남도","60세이상",466,246,220,52.8,52.3,471,247,224,52.4,51.5,479,250,229,52.1,51.2,487,260,227,53.4,52.3,499,272,227,54.5,53.3,514,274,240,53.2,52.5,528,287,242,54.2,53.4,546,302,244,55.3,54.1,566,326,240,57.5,56.1,583,346,238,59.2,58.1
"전라남도","15 - 64세",1143,791,352,69.2,67.5,1154,799,355,69.2,67.0,1162,812,351,69.8,67.9,1164,813,351,69.8,67.5,1159,801,357,69.2,66.8,1151,804,347,69.8,67.6,1141,808,333,70.8,68.8,1121,794,327,70.8,69.1,1109,788,321,71.0,69.4,1097,800,297,72.9,71.2
"전라남도","15 - 24세",189,48,141,25.5,23.0,191,50,141,26.4,22.9,191,51,139,27.0,24.4,189,51,138,27.0,24.3,185,42,143,22.9,20.3,179,44,135,24.4,20.5,175,42,133,23.9,19.6,167,42,125,25.2,23.2,161,40,122,24.5,21.9,157,46,111,29.3,26.9
"전라남도","15 - 29세",270,110,160,40.9,38.0,272,110,162,40.5,36.6,273,110,163,40.4,36.9,273,112,161,41.1,36.7,268,106,162,39.6,35.8,262,107,155,40.7,36.6,257,107,150,41.5,37.4,248,101,147,40.7,37.9,241,96,145,39.9,37.2,234,100,134,42.8,40.1
"경상북도","15 - 19세",165,11,154,6.8,5.5,161,14,147,8.7,8.1,159,11,148,7.0,6.2,157,12,145,7.3,6.4,147,11,137,7.1,6.7,137,9,128,6.4,5.4,128,10,119,7.6,6.4,119,7,112,5.8,5.6,111,5,105,4.7,4.0,107,8,99,7.4,6.3
"경상북도","20 - 29세",294,178,116,60.6,54.4,293,193,100,65.9,60.9,293,193,100,65.8,60.1,295,189,105,64.2,57.8,294,182,112,61.8,55.8,292,173,119,59.2,52.2,291,173,118,59.5,53.0,289,166,122,57.6,51.4,281,159,121,56.8,52.3,277,167,110,60.2,55.9
"경상북도","30 - 39세",365,272,93,74.5,72.2,358,270,88,75.4,73.2,352,260,92,73.9,70.5,347,261,86,75.1,72.5,340,256,84,75.2,73.4,331,258,73,77.9,74.6,321,251,70,78.2,75.3,310,234,76,75.4,72.1,297,212,85,71.4,69.2,288,217,70,75.6,74.3
"경상북도","40 - 49세",417,346,70,83.1,81.3,420,348,72,82.8,80.8,419,351,68,83.9,82.6,413,350,63,84.8,83.5,405,345,61,85.1,84.0,397,334,63,84.1,81.6,388,319,69,82.2,80.5,382,312,70,81.6,79.0,376,297,79,79.0,76.6,373,296,77,79.5,77.9
"경상북도","50 - 59세",422,342,80,81.1,79.9,433,349,84,80.6,79.2,441,348,93,78.9,77.7,446,352,94,78.8,77.3,448,358,90,79.8,78.3,451,362,89,80.2,78.4,454,363,91,79.9,77.8,451,355,95,78.9,77.0,444,349,95,78.6,77.0,444,354,90,79.7,78.7
"경상북도","60세이상",598,299,299,49.9,49.2,614,310,304,50.5,49.8,634,315,319,49.6,48.9,656,327,329,49.9,49.1,681,337,344,49.5,48.7,708,353,356,49.8,48.3,736,373,363,50.7,49.0,770,404,366,52.5,50.7,804,435,369,54.1,52.7,837,457,380,54.6,53.4
"경상북도","15 - 64세",1816,1251,565,68.9,66.6,1825,1284,541,70.4,68.2,1832,1279,553,69.8,67.6,1837,1284,553,69.9,67.5,1823,1276,548,70.0,67.9,1805,1265,540,70.1,66.9,1791,1259,533,70.3,67.4,1771,1229,541,69.4,66.4,1739,1183,556,68.0,65.7,1727,1208,520,69.9,68.2
"경상북도","15 - 24세",307,83,225,26.9,23.3,306,91,215,29.7,27.6,305,89,216,29.2,25.7,304,91,213,29.8,26.1,294,83,211,28.1,25.2,281,72,209,25.5,22.1,271,75,197,27.5,24.6,259,67,193,25.8,22.5,245,64,180,26.3,24.0,237,69,168,29.2,26.9
"경상북도","15 - 29세",458,189,269,41.3,36.9,455,207,247,45.6,42.1,452,204,248,45.1,41.1,451,201,251,44.5,40.0,441,192,249,43.5,39.4,429,182,247,42.4,37.3,420,183,237,43.6,38.7,407,173,234,42.5,38.0,391,165,227,42.1,38.7,384,175,210,45.4,42.1
"경상남도","15 - 19세",209,12,197,5.7,5.6,204,10,194,5.0,4.5,200,13,187,6.5,5.7,196,13,184,6.4,6.0,191,13,178,6.7,6.5,183,11,172,6.1,5.5,174,13,161,7.3,7.1,162,11,151,6.7,6.0,153,11,142,7.4,6.6,149,10,139,6.8,6.0
"경상남도","20 - 29세",350,204,146,58.2,54.7,356,206,149,58.0,54.0,361,213,147,59.1,54.2,359,230,129,64.1,58.6,355,220,134,62.1,56.5,349,217,132,62.1,56.2,345,215,131,62.2,55.5,339,199,139,58.9,52.9,333,198,135,59.4,54.4,320,191,129,59.7,55.7
"경상남도","30 - 39세",505,381,124,75.5,73.6,498,383,115,76.9,75.1,491,368,122,75.1,73.4,483,352,131,72.8,69.9,475,351,124,73.9,71.3,465,356,110,76.5,74.4,451,361,90,80.0,77.6,433,337,96,77.8,75.2,410,307,104,74.7,71.3,389,287,103,73.6,71.5
"경상남도","40 - 49세",564,472,92,83.7,82.8,572,479,93,83.8,82.6,573,472,101,82.4,80.9,566,458,108,80.9,79.0,559,453,106,81.0,79.8,552,449,103,81.3,80.1,543,438,105,80.6,78.5,537,429,107,80.0,76.8,531,418,113,78.7,76.1,523,402,122,76.7,74.6
"경상남도","50 - 59세",510,369,141,72.3,71.3,525,384,141,73.1,71.5,536,412,125,76.8,75.6,546,425,122,77.7,76.1,555,437,118,78.8,77.6,564,443,120,78.7,76.9,572,447,125,78.1,75.8,573,437,136,76.3,74.2,570,444,127,77.8,75.3,571,457,114,80.0,77.8
"경상남도","60세이상",582,238,344,40.9,40.5,603,240,363,39.8,39.2,631,258,373,40.9,40.4,661,285,376,43.2,42.5,695,300,395,43.2,42.3,732,325,407,44.5,43.5,769,344,424,44.8,43.6,811,388,423,47.9,46.6,857,428,429,50.0,48.4,898,454,444,50.5,49.0
"경상남도","15 - 64세",2300,1534,766,66.7,65.2,2323,1563,760,67.3,65.5,2342,1590,752,67.9,66.0,2349,1607,742,68.4,65.9,2347,1609,739,68.5,66.4,2341,1618,723,69.1,66.9,2329,1625,704,69.8,67.0,2300,1573,727,68.4,65.5,2272,1553,719,68.3,65.4,2236,1537,699,68.7,66.4
"경상남도","15 - 24세",372,85,288,22.8,21.4,375,91,283,24.3,22.8,374,95,279,25.4,22.6,367,101,266,27.6,25.0,357,95,263,26.5,23.4,344,86,258,25.0,22.0,335,92,243,27.5,24.8,320,81,239,25.4,23.2,309,78,231,25.2,23.1,302,82,220,27.2,25.0
"경상남도","15 - 29세",559,216,343,38.6,36.4,559,217,343,38.7,36.0,561,226,334,40.3,36.9,556,243,313,43.7,40.0,545,233,312,42.7,39.0,532,228,304,42.8,38.7,520,228,292,43.8,39.3,501,210,291,42.0,37.7,486,209,277,43.0,39.4,469,201,268,42.8,39.9
"제주도","15 - 19세",39,4,36,9.2,8.7,39,5,34,12.2,11.7,38,5,34,12.0,11.2,38,4,34,11.2,10.7,38,3,35,8.1,7.6,38,3,35,6.9,6.1,37,4,33,9.5,9.2,35,4,31,12.0,11.1,34,5,29,13.7,13.1,33,4,29,12.9,12.6
"제주도","20 - 29세",60,40,20,66.5,62.7,62,40,22,64.6,60.4,65,43,23,65.3,62.1,67,47,19,71.1,67.2,68,51,17,74.7,70.3,71,50,21,70.7,67.3,74,48,26,64.6,60.9,74,45,30,60.0,56.0,75,45,29,60.8,55.8,73,49,24,67.0,63.4
"제주도","30 - 39세",83,65,18,78.1,75.8,83,68,16,80.9,78.4,85,70,15,82.6,81.4,87,72,15,82.4,80.6,88,76,12,86.4,85.1,89,75,14,83.9,82.8,90,71,19,79.1,77.7,88,70,19,78.8,77.0,86,69,17,80.7,78.1,84,73,11,86.8,84.0
"제주도","40 - 49세",99,86,14,86.4,85.6,102,91,12,88.8,87.9,105,92,13,87.6,86.9,107,95,13,88.1,86.7,110,96,14,87.1,86.1,112,95,17,84.8,83.6,112,97,15,86.4,85.4,112,94,17,84.4,83.3,111,95,17,85.0,83.6,112,96,15,86.3,85.1
"제주도","50 - 59세",82,68,13,83.9,83.7,86,72,14,83.6,82.9,90,76,14,84.3,83.2,95,79,16,83.3,82.5,99,87,12,88.1,87.4,103,88,14,85.9,85.1,106,91,15,85.6,84.1,108,90,18,83.2,81.8,110,92,18,83.4,81.8,113,93,20,82.3,81.7
"제주도","60세이상",102,52,50,50.9,50.7,106,53,52,50.4,50.0,112,61,51,54.3,53.1,118,66,53,55.7,54.7,125,69,56,55.1,54.1,132,69,62,52.7,51.5,139,80,59,57.5,56.3,146,85,61,58.4,57.1,153,90,63,58.7,56.8,160,95,65,59.6,58.5
"제주도","15 - 64세",389,281,108,72.2,70.7,400,293,106,73.4,71.8,413,307,106,74.3,72.9,427,322,104,75.5,73.8,439,340,99,77.5,76.0,451,339,112,75.1,73.7,462,342,120,74.0,72.5,462,335,127,72.5,70.7,462,341,121,73.8,71.6,463,352,111,76.1,74.5
"제주도","15 - 24세",69,20,49,29.4,27.4,70,23,48,32.1,30.4,72,25,47,34.4,33.1,71,26,46,36.0,34.6,72,26,46,36.1,34.0,71,22,49,31.2,29.5,72,23,49,32.0,29.9,70,21,49,30.1,27.0,69,22,47,32.0,29.4,68,25,43,36.7,35.4
"제주도","15 - 29세",99,44,56,43.9,41.4,101,45,56,44.6,41.9,103,47,56,45.6,43.2,105,52,53,49.1,46.5,107,54,53,50.8,47.8,108,53,56,48.4,45.9,111,51,60,46.2,43.7,109,49,61,44.6,41.6,108,50,58,46.2,42.6,106,53,53,50.1,47.5
